INSERT INTO Musician VALUE (220138155,"AymanWa","ayman9816@hotmail.com",0590241000,"Singer(זמר)");
INSERT INTO Musician VALUE (209138155,"AymanWahbani","aymanw199816@hotmail.com",0508241000,"Singer(זמר)");
INSERT INTO Musician VALUE (209138144,"libiWahbani","libi@hotmail.com",0508241230,"Player(נגן)");
INSERT INTO Musician VALUE  (209138166,"SelenaGomez","selenaG@gmail.com",0508451000,"Player(נגן)");
INSERT INTO Musician VALUE  (209138177,"JustinBieber","JBbest@hotmail.com",0567241000,"Singer(זמר)");
INSERT INTO Musician VALUE  (209138188,"NoaKirel","NK2001@hotmail.com",0508267800,"Player(נגן)");
INSERT INTO Musician VALUE  (209138199,"CarrieUnderwood","carrieU@walla.com",0508243000,"Singer(זמר)");
INSERT INTO Musician VALUE  (209138100,"TimMcGraw","TimM@gmail.comusicianm",0508242100,"Both(זמר ונגן)");
INSERT INTO Musician VALUE  (209138111,"MaitePerroni","maitePerroni@hotmail.com",0505465000,"Singer(זמר)");
INSERT INTO Musician VALUE  (209138122,"WilliamLevy","william@walla.com",0508241564,"Both(זמר ונגן)");
INSERT INTO Musician VALUE  (209138133,"SherlynGonzalez","sherlyGon@hotmail.com",0508212345,"Both(זמר ונגן)");
                            
                            
INSERT INTO Album VALUE (1,"TheWorld",'2000-01-01','2001-01-01',2);
INSERT INTO Album VALUE (2,"LoveYou",'2012-04-11','2013-01-01',1);
INSERT INTO Album VALUE (3,"InTheSky",'2005-01-01','2005-07-01',2);
INSERT INTO Album VALUE (4,"Alla",'1998-06-01','1998-10-06',2);
INSERT INTO Album VALUE	(5,"Ahmad",'2015-01-01','2017-01-01',1);
INSERT INTO Album VALUE (6,"NASA",'2000-01-01','2001-01-01',1);
INSERT INTO Album VALUE (7,"OnWorld",'2033-03-02','2033-05-01',3);
INSERT INTO Album VALUE (8,"GoBACK",'2020-11-01','2025-01-01',2);
INSERT INTO Album VALUE (9,"English",'2019-12-09','2020-04-14',2);
INSERT INTO Album VALUE (10,"Salam",'2013-07-01','2014-02-02',1);
                            

INSERT INTO Producer VALUE  (111111111,"SamiNofar"),
							(122222222,"NoaLibi"),
							(133333333,"YouseShosho"),
							(144444444,"AnySousou"),
							(155555555,"HamidWahbani"),
							(166666666,"IslamBarham"),
							(177777777,"MariTshoi"),
							(188888888,"NadeenGamal"),
							(199999999,"SaraCohen"),
							(101010101,"AdiDodo");
                            
                            
INSERT INTO Author_Of_Words VALUE  	(311111111,"NamirMofar"),
									(322222222,"AhadLolo"),
									(333333333,"SesoShamo"),
									(344444444,"AttaBen Hamo"),
									(355555555,"WatanWatar"),
									(366666666,"SalemBarham"),
									(377777777,"MariNini"),
									(388888888,"LosiGamali"),
									(399999999,"SaraKoki"),
									(301010101,"AdnanDallo");


INSERT INTO Author_Of_Melody VALUE  (411111111,"KhalilAgo"),
									(422222222,"NirCohen"),
									(433333333,"ShaharHason"),
									(444444444,"AtlantaSino"),
									(455555555,"TotiMimo"),
									(466666666,"SelenaSousou"),
									(477777777,"RozalinMatar"),
									(488888888,"AnwarWahbani"),
									(499999999,"RamiSakala"),
									(401010101,"KhamisSalama");
                                    
                                    
INSERT INTO Recording_Technician VALUE  (511111111,"IbraheemWahbani"),
										(522222222,"FatmaAgo"),
										(533333333,"LipazShemesh"),
										(544444444,"LinoyBenHamo"),
										(555555555,"MaitaCohen"),
										(566666666,"AdinaSilina"),
										(577777777,"RozaSaba"),
										(588888888,"BianBlassi"),
										(599999999,"AminShemesh"),
										(501010101,"AhmadSalama");
                                        
                                        
INSERT INTO A_Musical_scene VALUE 	("Soso",311111111,422222222,300,"Relaxing",'2000-05-11',511111111);
INSERT INTO A_Musical_scene VALUE	("fafa",333333333,411111111,1200,"Rap",'2000-06-05',522222222);
INSERT INTO A_Musical_scene VALUE	("Mimi",311111111,499999999,1000,"Rap",'2012-07-01',566666666);
INSERT INTO A_Musical_scene VALUE	("Lala",311111111,422222222,1000,"Cool",'2005-06-01',522222222);
INSERT INTO A_Musical_scene VALUE	("SkyIsGood",399999999,466666666,120,"Relaxing",'2005-03-01',533333333);
INSERT INTO A_Musical_scene VALUE	("Hary",388888888,422222222,1050,"Series",'1998-07-01',555555555);
INSERT INTO A_Musical_scene VALUE   ("Nana",311111111,422222222,300,"Relaxing",'1998-09-11',544444444);
INSERT INTO A_Musical_scene VALUE	("BrotherSister",333333333,411111111,1200,"Rap",'2016-06-05',577777777);									
INSERT INTO A_Musical_scene VALUE   ("Brother",333333333,411111111,1200,"Rap",'2000-06-05',599999999);
INSERT INTO A_Musical_scene VALUE	("Sasi",311111111,499999999,1000,"Rap",'2033-05-01',533333333);
INSERT INTO A_Musical_scene VALUE	("Lali",311111111,422222222,1000,"Cool",'2033-04-01',501010101);
INSERT INTO A_Musical_scene VALUE	("SkyIsBad",399999999,466666666,120,"Relaxing",'2033-03-15',588888888);
INSERT INTO A_Musical_scene VALUE	("SoSoI",388888888,422222222,1050,"Series",'2021-07-01',511111111);
INSERT INTO A_Musical_scene VALUE	("GOGO",322222222,455555555,600,"Rap",'2024-08-01',555555555);
INSERT INTO A_Musical_scene VALUE	("Nari",355555555,433333333,400,"Comedy",'2020-01-21',544444444);
INSERT INTO A_Musical_scene VALUE	("Mother",377777777,444444444,150,"Cool",'2020-03-01',501010101);
INSERT INTO A_Musical_scene VALUE	("Father",333333333,488888888,700,"Series",'2013-08-01',501010101);

INSERT INTO A_Musical_Instruments VALUE ("Guitars","IbraheemSousou"),
										("Pianos","SelenaHoho"),
										("Ukulele","LipazHamo"),
										("Violins","LinoyShemesh"),
										("Saxophon","SamirCohen"),
										("Cellos","AdinaWahbani"),
										("Trumpet","RozaMunayer"),
										("Clarinets","DoaBlassi"),
										("ElectricGuitar","AminNir"),
										("Flutes","KhaderSalama");
                                        
                                        
INSERT INTO Producer_And_album VALUE (1,111111111);
INSERT INTO Producer_And_album VALUE (2,122222222);
INSERT INTO Producer_And_album VALUE (3,111111111);
INSERT INTO Producer_And_album VALUE (3,133333333);
INSERT INTO Producer_And_album VALUE (4,144444444);
INSERT INTO Producer_And_album VALUE (4,111111111);
INSERT INTO Producer_And_album VALUE (7,144444444);
INSERT INTO Producer_And_album VALUE (8,122222222);
INSERT INTO Producer_And_album VALUE (9,199999999);
INSERT INTO Producer_And_album VALUE (10,188888888);
INSERT INTO Producer_And_album VALUE (1,122222222);
INSERT INTO Producer_And_album VALUE (10,122222222);
INSERT INTO Producer_And_album VALUE (4,122222222);



INSERT INTO Musician_And_Album VALUE (209138155,1);
INSERT INTO Musician_And_Album VALUE (209138166,2);
INSERT INTO Musician_And_Album VALUE (209138166,1);
INSERT INTO Musician_And_Album VALUE (209138177,3);
INSERT INTO Musician_And_Album VALUE (209138188,4);
INSERT INTO Musician_And_Album VALUE (209138111,6);
INSERT INTO Musician_And_Album VALUE (209138144,4);
INSERT INTO Musician_And_Album VALUE (209138122,5);
INSERT INTO Musician_And_Album VALUE (209138100,9);
INSERT INTO Musician_And_Album VALUE (209138199,8);
INSERT INTO Musician_And_Album VALUE (209138111,7);
INSERT INTO Musician_And_Album VALUE (209138177,7);
INSERT INTO Musician_And_Album VALUE (209138155,4);
INSERT INTO Musician_And_Album VALUE (209138122,10);
INSERT INTO Musician_And_Album VALUE (209138100,7);
INSERT INTO Musician_And_Album VALUE (209138199,10);



INSERT INTO A_Musical_Scene_And_Album VALUE 		(1,"Soso"),
													(1,"fafa"),
													(2,"Mimi"),
													(3,"Lala"),
													(3,"SkyIsGood"),
													(4,"Hary"),
													(4,"Nana"),
													(5,"BrotherSister"),
													(6,"Brother"),
													(7,"Sasi"),
													(7,"Lali"),
													(7,"SkyIsBad"),
													(8,"SoSoI"),
													(8,"GOGO"),
													(9,"Nari"),
													(9,"Mother"),
													(10,"Father"),
													(5,"Lala"),
													(6,"SkyIsGood"),
													(8,"Hary"),
													(9,"Nana"),
													(2,"BrotherSister"),
													(10,"Brother"),
													(5,"Sasi"),
													(2,"Lali"),
													(3,"SkyIsBad"),
													(5,"SoSoI"),
													(6,"GOGO"),
													(7,"Nari"),
													(10,"Mother"),
													(3,"Father");
                                            
                                            
                                            
INSERT INTO A_Musical_Intruments_And_Musician VALUE (209138155,"Guitars"),
													(209138155,"Pianos"),
													(209138144,"Ukulele"),
													(209138144,"Violins"),
													(209138144,"Saxophon"),
													(209138166,"Cellos"),
													(209138177,"Trumpet"),
													(209138188,"Clarinets"),
													(209138199,"ElectricGuitar"),
													(209138100,"Flutes"),
													(209138177,"Cellos"),
													(209138111,"Trumpet"),
													(209138122,"Violins"),
													(209138155,"Cellos"),
													(209138133,"Guitars"),
													(209138166,"Saxophon"),
													(209138166,"Guitars");
                                                    
                                                    
INSERT INTO A_Musical_Scene_And_A_Musical_Instruments VALUE ("Soso","Guitars"),
														    ("fafa","Pianos"),
														    ("Lala","Ukulele"),
														    ("Mimi","Violins"),
															("BrotherSister","Saxophon"),
															("SkyIsGood","Cellos"),
															("SkyIsBad","Trumpet"),
															("Hary","Clarinets"),
															("Nana","ElectricGuitar"),
															("Brother","Flutes"),
															("Father","Cellos"),
															("Mother","Trumpet"),
															("Sasi","Violins"),
															("Lali","Cellos"),
															("GoGo","Guitars"),
                                                            ("fafa","Ukulele"),
														    ("Lala","Pianos"),
														    ("Mimi","Clarinets"),
															("BrotherSister","Flutes"),
															("SkyIsGood","Flutes"),
															("SkyIsBad","Violins"),
                                                            ("Hary","ElectricGuitar"),
															("Nana","Cellos"),
															("Brother","Trumpet"),
															("Father","Flutes"),
															("Mother","Guitars"),
															("Sasi","Saxophon"),
															("Lali","Saxophon"),
															("GoGo","Saxophon"),
															("SoSoI","Saxophon"),
															("Nari","Guitars");
